ImageNumber,ObjectNumber,FileName_ColorFluor,FileName_ColorLung,PathName_ColorFluor,PathName_ColorLung,AreaShape_Area,AreaShape_BoundingBoxArea,AreaShape_BoundingBoxMaximum_X,AreaShape_BoundingBoxMaximum_Y,AreaShape_BoundingBoxMinimum_X,AreaShape_BoundingBoxMinimum_Y,AreaShape_Center_X,AreaShape_Center_Y,AreaShape_Compactness,AreaShape_ConvexArea,AreaShape_Eccentricity,AreaShape_EquivalentDiameter,AreaShape_EulerNumber,AreaShape_Extent,AreaShape_FormFactor,AreaShape_MajorAxisLength,AreaShape_MaxFeretDiameter,AreaShape_MaximumRadius,AreaShape_MeanRadius,AreaShape_MedianRadius,AreaShape_MinFeretDiameter,AreaShape_MinorAxisLength,AreaShape_Orientation,AreaShape_Perimeter,AreaShape_Solidity,AreaShape_Zernike_0_0,AreaShape_Zernike_1_1,AreaShape_Zernike_2_0,AreaShape_Zernike_2_2,AreaShape_Zernike_3_1,AreaShape_Zernike_3_3,AreaShape_Zernike_4_0,AreaShape_Zernike_4_2,AreaShape_Zernike_4_4,AreaShape_Zernike_5_1,AreaShape_Zernike_5_3,AreaShape_Zernike_5_5,AreaShape_Zernike_6_0,AreaShape_Zernike_6_2,AreaShape_Zernike_6_4,AreaShape_Zernike_6_6,AreaShape_Zernike_7_1,AreaShape_Zernike_7_3,AreaShape_Zernike_7_5,AreaShape_Zernike_7_7,AreaShape_Zernike_8_0,AreaShape_Zernike_8_2,AreaShape_Zernike_8_4,AreaShape_Zernike_8_6,AreaShape_Zernike_8_8,AreaShape_Zernike_9_1,AreaShape_Zernike_9_3,AreaShape_Zernike_9_5,AreaShape_Zernike_9_7,AreaShape_Zernike_9_9,Location_Center_X,Location_Center_Y,Location_Center_Z,Number_Object_Number
1,1,30-2A1f.jpg,30-2A1b.jpg,C:\Users\ASUS\Desktop\IABI\HW3\q2\images,C:\Users\ASUS\Desktop\IABI\HW3\q2\images,104,140,1205,214,1177,209,1189.9326923076924,211.0096153846154,2.30916789322391,114,0.9840504276466896,11.507254783503184,1,0.7428571428571429,0.43305642822006546,27.27222215099826,27.073972741361768,3.0,1.5217745492173407,1.2071067811865475,4.0,4.851448220291929,-85.72593544350723,54.9350288425444,0.9122807017543859,0.18065063117661245,0.007571789567954559,0.08546259264814449,0.04469159105152935,0.0014493885492476094,0.005240874824482357,0.04264625696260146,0.03783830874627329,0.022663734714040033,0.0008004461416355201,0.0005569672099734054,0.0038602131123520824,0.023570954409590027,0.026754221826819292,0.02079696240640349,0.014552752433070332,0.0035215024128644294,0.0023953028405755365,0.0016952049104754232,0.0027822131458404412,0.019928462310281995,0.012430262339409246,0.018798614420284198,0.012327382515677804,0.010585888032849518,0.0007119584252081993,0.0010396098126034471,0.0018020369252601336,0.002020613529488557,0.0019662619174101253,1189.9326923076924,211.0096153846154,0,1
1,2,30-2A1f.jpg,30-2A1b.jpg,C:\Users\ASUS\Desktop\IABI\HW3\q2\images,C:\Users\ASUS\Desktop\IABI\HW3\q2\images,171,234,1232,244,1214,231,1222.7134502923977,236.2982456140351,1.1927943306031816,187,0.705107210544304,14.755472278097805,1,0.7307692307692307,0.8383674991935216,17.785732299657308,17.46424919657298,5.830951894845301,2.509309755492693,2.23606797749979,11.93117518002609,12.611875460699592,88.10288103647703,50.62741699796952,0.9144385026737968,0.7077645269202023,0.07022625697620861,0.14886585700249072,0.08123763374870678,0.009042360407412103,0.017495609263855533,0.02139234086943996,0.017503221591707266,0.030827733091252436,0.01528210254993318,0.009533756211349352,0.02453856521873157,0.011878249692573095,0.019469501296212607,0.01884409442843565,0.019754261489144113,0.005210316294789962,0.018877163385131786,0.00485054033255928,0.007683244697113803,0.006590196081717811,0.005483415519647462,0.0038174952314418125,0.013010171732408302,0.0030341908014139816,0.004950354194134974,0.013218438512486639,0.003954200528685142,0.006013017374774898,0.012494118571108019,1222.7134502923977,236.2982456140351,0,2
1,3,30-2A1f.jpg,30-2A1b.jpg,C:\Users\ASUS\Desktop\IABI\HW3\q2\images,C:\Users\ASUS\Desktop\IABI\HW3\q2\images,305,405,547,337,520,322,532.9803278688524,329.3967213114754,1.237517047005143,325,0.8534852107050285,19.706294962377495,1,0.7530864197530864,0.8080696766319729,27.43842782540271,26.30589287593181,7.0710678118654755,3.129396180946181,3.0,13.914372285430666,14.298632967994653,89.27987413841457,68.87005768508881,0.9384615384615385,0.5611821692835617,0.06841046164040666,0.15633121778260337,0.10285711696086841,0.04258057755060548,0.025327718849599112,0.015160505968625474,0.018986230204474958,0.03969110528008353,0.008714701659520962,0.007361911874204243,0.009528857164740103,0.011057668354057882,0.004800499144837548,0.008646426293101521,0.019063058560664505,0.020269018142030838,0.012886072173496948,0.0075414644391477,0.0034440758996603883,0.0065565969411196115,0.0086728716292075,0.004347940754504417,0.008493715631440283,0.01093245899201265,0.006882977627522094,0.00996205763025157,0.01111169684674151,0.00935308874802513,0.0012800634487823825,532.9803278688524,329.3967213114754,0,3
1,4,30-2A1f.jpg,30-2A1b.jpg,C:\Users\ASUS\Desktop\IABI\HW3\q2\images,C:\Users\ASUS\Desktop\IABI\HW3\q2\images,1322,1763,1445,383,1404,340,1423.9251134644478,361.6543116490166,1.1819232084105091,1369,0.36492411704515165,41.02709687681892,1,0.7498581962563812,0.8460786562815991,42.590378749540626,43.657759905886145,18.973665961010276,6.876309402619731,6.0,39.528470752104745,39.65322974583209,-11.562133284987045,140.12489168102786,0.9656683710737765,0.8780746810498259,0.04651369605994689,0.09771878884040484,0.02534046998686047,0.02616849606978881,0.013799679526081068,0.06060397672100307,0.01008730906174084,0.018126648095008493,0.004721957609289772,0.004417694843573884,0.005060109387683396,0.025990692858232703,0.005933765307065834,0.011318313854070334,0.003597555174290375,0.00855098270130861,0.0012547251313047977,0.0030354034211683384,0.004220492738728782,0.004433114364326581,0.008891778661142394,0.0036058606550863556,0.0007289683330287333,0.0016634640844582396,0.010473237422819639,0.001800883938101657,0.00289477449295466,0.0048847268814070895,0.003169442672294761,1423.9251134644478,361.6543116490166,0,4
1,5,30-2A1f.jpg,30-2A1b.jpg,C:\Users\ASUS\Desktop\IABI\HW3\q2\images,C:\Users\ASUS\Desktop\IABI\HW3\q2\images,15,21,683,418,680,411,680.7333333333333,413.8666666666667,0.84510069031774,17,0.9282902059912803,4.370193722368317,1,0.7142857142857143,1.1832909515480587,7.15733956975279,6.082762530298219,1.4142135623730951,1.0552284749830794,1.0,2.0,2.661503596533743,4.8222028200540334,12.621320343559642,0.8823529411764706,0.5161781938115526,0.0456104346430449,0.10137553716298962,0.15139273100178893,0.05490451527399587,0.039711776899981066,0.11861918171885644,0.03573722871285419,0.09778627952151808,0.037952987847984995,0.028696385810049803,0.03300061613929221,0.11670065472233256,0.10725871076478273,0.05766994044871695,0.06493480253680683,0.03385294984829752,0.044799353888370606,0.0389071201006331,0.034356794559724645,0.12697764904013326,0.1243676742658433,0.10393782119144636,0.05949929194214409,0.04108329356624264,0.0406335245896035,0.04107756108893204,0.029016445465552924,0.035126691761161524,0.03466350005127862,680.7333333333333,413.8666666666667,0,5
1,6,30-2A1f.jpg,30-2A1b.jpg,C:\Users\ASUS\Desktop\IABI\HW3\q2\images,C:\Users\ASUS\Desktop\IABI\HW3\q2\images,12897,18221,846,493,709,360,778.4029619291308,425.2076451888036,1.903521363019408,13614,0.3180369635011671,128.14433428150224,1,0.7078096701608034,0.5253421471528839,131.9473079616031,138.23530663329106,58.309518948453004,19.899253908303947,17.26267650163207,121.9118384340297,125.0963812948138,-57.25461208698369,555.4284989122459,0.9473336271485235,0.8550857949110252,0.006197122447197889,0.11898740839184514,0.01964000588916095,0.0032742029397150574,0.008690516173555776,0.07732027155634764,0.008158130379737408,0.019631425157291656,0.0003934177413898064,0.0039170631261754825,0.004428685606081713,0.03496917907575078,0.002774730275903205,0.003873599269724934,0.009557584872404821,0.0024522989140312824,0.000524351401017075,0.0013712483133787774,0.0047807713955897325,0.004479713410210719,0.006886824624614504,0.005449242243908884,0.003301100205722424,0.002081372812478578,0.0030183213727030317,0.0022982597227899746,0.001596266872396702,0.0011214355142148509,0.0051457630381982955,778.4029619291308,425.2076451888036,0,6
1,7,30-2A1f.jpg,30-2A1b.jpg,C:\Users\ASUS\Desktop\IABI\HW3\q2\images,C:\Users\ASUS\Desktop\IABI\HW3\q2\images,9154,14152,656,503,534,387,590.2142232903649,440.4225475202097,2.077335704095528,9976,0.5595098987067577,107.9594127091551,1,0.6468343697003957,0.4813858434284217,120.94853913092969,130.24976007655445,44.41846462902562,15.423991366028861,13.416407864998739,99.83431243430412,100.24501188640573,-33.016049772304555,488.8366158202091,0.9176022453889334,0.6779460090208418,0.09621468288285744,0.16415374307916544,0.0467252832749282,0.022090813848874534,0.02610623662441609,0.03166424620780778,0.021509171982819854,0.0012174001605430558,0.02714265077184285,0.021059368893262972,0.011096181149854998,0.00239055199692846,0.010420144772576412,0.0050641035187851385,0.009504229622912846,0.01669272706593738,0.00552724275960273,0.0061176601921623195,0.0029504864663802838,0.0050787387407950175,0.010367287689268296,0.007107047758186803,0.008850747787756118,0.008119230064581748,0.008201668220575845,0.003466231761710448,0.0040474824803049024,0.0047196611793328715,0.0012631420397079113,590.2142232903649,440.4225475202097,0,7
1,8,30-2A1f.jpg,30-2A1b.jpg,C:\Users\ASUS\Desktop\IABI\HW3\q2\images,C:\Users\ASUS\Desktop\IABI\HW3\q2\images,6107,8366,508,492,419,398,461.39888652366136,445.8824299983625,1.5860708071848864,6472,0.4213558147527088,88.17978169454514,1,0.7299784843413818,0.6304888756983668,92.82896810619717,94.86832980505137,39.293765408777,13.70019684066472,12.041594578792296,86.20964737114129,84.18616471668076,-0.6116761671105156,348.88329701443513,0.9436032138442522,0.8589535868580274,0.022423460911772733,0.11274883119770868,0.036080508396381064,0.009516111778477353,0.010500944487023166,0.07018564176336348,0.014569474181135878,0.005822560773298198,0.00608743121902597,0.0016490913857219896,0.004745358021437354,0.03122272837360932,0.0034626037840073554,0.002141240474109272,0.004425603246916175,0.007825607057828893,0.0040023035769688525,0.004564259080663364,0.002311201052624398,0.006458679238910319,0.008741887306908181,0.0019880582586074684,0.0027538927450189202,0.004538644837627343,0.004355221836820646,0.002733749488055123,0.003217616809320994,0.006069958905681649,0.007689321715650826,461.39888652366136,445.8824299983625,0,8
1,9,30-2A1f.jpg,30-2A1b.jpg,C:\Users\ASUS\Desktop\IABI\HW3\q2\images,C:\Users\ASUS\Desktop\IABI\HW3\q2\images,1527,2024,1056,477,1012,431,1033.1643745907006,453.1624099541585,1.2663228280271444,1600,0.509915724158557,44.09350048261754,1,0.7544466403162056,0.7896880462606368,47.6000989150015,48.60041152089147,19.697715603592208,7.230399508483527,6.324555320336759,41.71930009000631,40.946764755640295,-37.54756470186712,155.88225099390854,0.954375,0.8198264733276641,0.02753317306768136,0.1370841640735237,0.04898070908534863,0.00938102607485994,0.002195278808314178,0.07477707981081466,0.013841826724055742,0.002597816447538411,0.0072839689220244265,0.006740670410142272,0.0025545748897406054,0.022836405590355883,0.010361544875383944,0.00755655197995906,0.0019197438637534783,0.009396561731973754,0.0048363451395410035,0.0011811446147240493,0.005524538124985629,0.0033176155490606146,0.014881760932655287,0.00474946444179039,0.003837204807675893,0.0038523746019441807,0.0031605666840416767,0.003728416622980949,0.0007623864878239835,0.0020495431413380424,0.0035270068667561136,1033.1643745907006,453.1624099541585,0,9
1,10,30-2A1f.jpg,30-2A1b.jpg,C:\Users\ASUS\Desktop\IABI\HW3\q2\images,C:\Users\ASUS\Desktop\IABI\HW3\q2\images,1689,2304,944,491,896,443,918.8975725281232,467.60746003552396,1.2353280371622912,1773,0.1632614498093609,46.37350095752627,1,0.7330729166666666,0.8095015816990034,46.79621855604327,49.64876634922564,21.840329667841555,7.654559176364147,6.708203932499369,45.519311202034814,46.16834617638389,-20.434758044096284,161.92388155425118,0.9526226734348562,0.8702220513493165,0.010250793464250086,0.10910242665834897,0.005066025427643869,0.007441809435910767,0.014119852019869475,0.0747188195556032,0.0025036902336089163,0.016750086352755735,0.0038037036136032696,0.007181070712911151,0.005734725811497498,0.037469590392244755,0.0016934861940561922,0.007506241224220432,0.004528378110744008,0.0007218001148745893,0.0015072472513952071,0.001673836687511747,0.007285835245485493,0.0074895174091286236,0.0020254081163184295,0.00469042412486879,0.0028543012679720235,0.008138233945768675,0.0019869380670423926,0.0019486413287105083,0.002384058005140403,0.003035599266741812,0.005841669030890722,918.8975725281232,467.60746003552396,0,10
1,11,30-2A1f.jpg,30-2A1b.jpg,C:\Users\ASUS\Desktop\IABI\HW3\q2\images,C:\Users\ASUS\Desktop\IABI\HW3\q2\images,13,24,838,487,832,483,834.3846153846154,484.46153846153845,0.8919451801483067,16,0.9158232302522616,4.068428945128219,1,0.5416666666666666,1.1211451356615063,6.852699482166698,5.385164807134504,1.4142135623730951,1.0637251634420148,1.0,2.2135943621178655,2.7519182738247343,66.52595749674254,12.071067811865476,0.8125,0.4829529307616135,0.10084603723448275,0.08629566474423814,0.08993732205610973,0.024805297058210583,0.08243397979705225,0.006943329347237507,0.05397918278213866,0.02524722183375062,0.01304476258644385,0.002301802762609997,0.0298421075763619,0.0070153369111185145,0.04852330583551613,0.008441532008502665,0.041758446353695675,0.013908027270691172,0.011756610864333179,0.04145018373219044,0.007172086681827246,0.03264742248238324,0.014314018823470524,0.007782303275496781,0.02545859554775142,0.03665884184454004,0.0052857424956055206,0.047751428643284924,0.049023920786445054,0.013102340562191896,0.034769924888781355,834.3846153846154,484.46153846153845,0,11
1,12,30-2A1f.jpg,30-2A1b.jpg,C:\Users\ASUS\Desktop\IABI\HW3\q2\images,C:\Users\ASUS\Desktop\IABI\HW3\q2\images,12334,21267,759,543,606,404,678.068428733582,479.59177882276634,2.140465882428402,13636,0.35516089764311276,125.31614638490723,1,0.5799595617623549,0.467188011829219,132.2433251313407,152.3975065412817,53.25410782277739,17.949775014899526,15.556349186104045,126.78830516222132,123.62174621830299,31.853797888082703,575.98484809835,0.9045174537987679,0.6390769793286654,0.022111685279599298,0.21147255856085712,0.014012118609136683,0.009642813240758202,0.0357441156139941,0.045539339654240424,0.009021022489932114,0.015374234883337912,0.010646396801561089,0.018640456162976923,0.013071938664900981,0.027463464474198566,0.003090673615343783,0.004928828181970729,0.007134980836106329,0.006160271019431432,0.012576410696984432,0.012653561251779305,0.007867620351467593,0.018072190576205956,0.006347582821835044,0.009602868843320967,0.0044360784456312094,0.005505215545408912,0.006873435771940263,0.006091861763093681,0.005102434101153071,0.004000318560506893,0.006501009622913864,678.068428733582,479.59177882276634,0,12
1,13,30-2A1f.jpg,30-2A1b.jpg,C:\Users\ASUS\Desktop\IABI\HW3\q2\images,C:\Users\ASUS\Desktop\IABI\HW3\q2\images,679,1769,835,512,774,483,804.1089837997055,498.2518409425626,3.288517197652255,849,0.9740575863712552,29.40288507740653,1,0.3838326738270209,0.30408842037192996,64.03712066918999,63.90618123468183,6.4031242374328485,2.9028643072174036,2.8284271247461903,15.405113379919513,14.491618578999907,-66.61857401373322,167.50966799187808,0.7997644287396938,0.2116869860125307,0.011603915205376172,0.09869447429894483,0.05004533612323381,0.008888203382179199,0.010784579512136782,0.046130181609727164,0.04148757696371276,0.023037884579735223,0.005629036624348003,0.012909103222139227,0.008424231714800303,0.023849961996087736,0.027112522917226843,0.019511634013972146,0.013238933792688558,0.0028112045826823233,0.007796341858872707,0.011951584532468905,0.006429270780512712,0.012869287144328528,0.015846918059356438,0.01328816638469761,0.009734260695395541,0.008557660476985496,0.002490515514687762,0.004569834387549915,0.007435845924501454,0.009910504147125816,0.004849871383815573,804.1089837997055,498.2518409425626,0,13
1,14,30-2A1f.jpg,30-2A1b.jpg,C:\Users\ASUS\Desktop\IABI\HW3\q2\images,C:\Users\ASUS\Desktop\IABI\HW3\q2\images,15871,21315,1238,589,1093,442,1165.228593031315,514.7951609854451,1.9232881968257882,16766,0.4143978100314006,142.15338481545828,1,0.7445930096176402,0.51994287785388,149.2481304469142,153.8083222715858,65.7419196555744,22.167694115633093,19.235384061671343,138.59292911256333,135.83010404602447,-36.32313270232724,619.3401871576773,0.9466181557914828,0.8471016083333425,0.01882452649397999,0.12318587987097457,0.03437040921466902,0.010309216504195565,0.008434301772594775,0.07643878268191792,0.016148962801274445,0.008070346978256723,0.0011280047105761278,0.000759544425497876,0.009890693696010722,0.030876255683083692,0.0006929790960000608,0.003621938358021877,0.004219531591625935,0.0047923458806584844,0.0036610194869422254,0.0022107141446251304,0.007472335276940329,0.0006530393204284635,0.009341301047478167,0.0028451299449653794,0.0017159889485051899,0.0020042019751283953,0.005628066389873693,0.003709185332823183,0.002584999087935689,0.0011528236309294579,0.0010858090623828928,1165.228593031315,514.7951609854451,0,14
1,15,30-2A1f.jpg,30-2A1b.jpg,C:\Users\ASUS\Desktop\IABI\HW3\q2\images,C:\Users\ASUS\Desktop\IABI\HW3\q2\images,1511,1978,865,587,819,544,841.4248841826604,564.2739907346129,1.2922979810060549,1587,0.3627863372591437,43.861884958296436,1,0.7639029322548029,0.7738153387978671,45.52048928155355,46.22769732530488,20.248456731316587,7.203559104465418,6.324555320336759,42.0,42.4192852418809,73.5383634141886,156.64570696119915,0.9521109010712036,0.8849931413785505,0.02804608623822197,0.09543711397567622,0.027609562486590203,0.018386409882956315,0.012396692524373611,0.06407233157278211,0.014176512408580758,0.008052536714969432,0.007107008578763092,0.004245122790563118,0.004178820265275692,0.0322258795933236,0.001844078739689531,0.003513466438576123,0.003442453214824739,0.0025835603268734107,0.0040606038193813105,0.004235509310947514,0.0027146993215072103,0.009029338340204078,0.005219114488952371,0.002544162389615446,0.002941312932942255,0.005412645094383286,0.00628686793924248,0.0053352456041332735,0.004283459756998568,0.002608932631508776,0.0033236427730950644,841.4248841826604,564.2739907346129,0,15
1,16,30-2A1f.jpg,30-2A1b.jpg,C:\Users\ASUS\Desktop\IABI\HW3\q2\images,C:\Users\ASUS\Desktop\IABI\HW3\q2\images,6667,9405,513,663,414,568,464.86920653967303,614.1676916154192,1.7278197153816905,7152,0.5716501401956596,92.13407645789547,1,0.7088782562466773,0.5787640869574702,101.93601284769015,105.6882207249228,40.496913462633174,14.29206569828946,12.529964086141668,85.52863579517451,83.63824181980856,51.128994621664255,380.469083452062,0.9321868008948546,0.7587281068477938,0.03442682996852837,0.1661705142056599,0.055828809559444637,0.002207755269861238,0.0023191461004350286,0.0691387242868573,0.00543842121969187,0.01293031864418593,0.01530382370638911,0.009371368226826823,0.006833737252814905,0.005299646005420385,0.017957231609898497,0.006185849028059998,0.0012737107776549673,0.008382939247440732,0.0033602945738786592,0.00028207943402341765,0.004581723579641621,0.012104886261535589,0.012745427956748281,0.004558550204207293,0.0047057400859037484,0.0010253811113458825,0.0051319965516030824,0.006856045231581316,0.002089115938730392,0.0012067427247930136,0.0014331887038556697,464.86920653967303,614.1676916154192,0,16
1,17,30-2A1f.jpg,30-2A1b.jpg,C:\Users\ASUS\Desktop\IABI\HW3\q2\images,C:\Users\ASUS\Desktop\IABI\HW3\q2\images,1541,2365,617,664,562,621,588.0655418559377,642.1447112264763,1.6133094863440984,1688,0.6818780901034887,44.29517059947829,1,0.6515856236786469,0.6198438727748934,52.131702306001344,54.91812087098393,17.4928556845359,6.685217332274933,5.830951894845301,39.52419717289855,38.13255924505592,74.17945869435437,176.75230867899737,0.9129146919431279,0.6487852369358067,0.12237948467947438,0.15562711272071073,0.04523512642260128,0.021287284824309544,0.026111947518232502,0.014895274908654353,0.014552444073012602,0.016845087069475125,0.03855742674588873,0.0024529083586774187,0.010349819865215772,0.0067634554110540986,0.0005023558558485113,0.007781969014121626,0.006576301655012381,0.004417179958278784,0.015141943997102884,0.0016204173563431027,0.0021820451827138116,0.013493196771420685,0.006194678074445463,0.0020588779321999745,0.0049970896248003336,0.005101952151693912,0.006411433411623942,0.0014480634357528844,0.009243658731349094,0.0011569906965672033,0.0009120623178422561,588.0655418559377,642.1447112264763,0,17
1,18,30-2A1f.jpg,30-2A1b.jpg,C:\Users\ASUS\Desktop\IABI\HW3\q2\images,C:\Users\ASUS\Desktop\IABI\HW3\q2\images,1263,2070,678,686,632,641,655.2612826603325,662.5336500395883,1.8392088856114959,1473,0.4438142775240566,40.1011414426137,1,0.6101449275362318,0.5437120317453894,43.591050222709725,47.634021455258214,15.652475842498529,5.500349721247015,5.0,39.149556610585385,39.062759211408164,32.63638226120826,170.8528137423857,0.8574338085539714,0.6772370819522391,0.07133070775201901,0.17374988622489132,0.02091436496923568,0.001663099076240557,0.029718313678252697,0.032974034721512384,0.01821998527005757,0.008988105160474718,0.021070017878651936,0.01410980491312863,0.030057794712669533,0.01140425487789944,0.009178358190083169,0.004532376770940771,0.0220362019685087,0.005628254981816997,0.0043200217584673855,0.0020837320493151527,0.006800166134759963,0.0045645222682653835,0.010448350370768208,0.006068994542237956,0.014540521238386584,0.003043733555313515,0.001649001894917329,0.0026869479073428093,0.014414489760281016,0.0055245947799431915,0.008120405727797299,655.2612826603325,662.5336500395883,0,18
1,19,30-2A1f.jpg,30-2A1b.jpg,C:\Users\ASUS\Desktop\IABI\HW3\q2\images,C:\Users\ASUS\Desktop\IABI\HW3\q2\images,24,35,680,672,675,665,676.75,667.9583333333334,1.0337262827488358,28,0.8718159924194958,5.527906391541368,1,0.6857142857142857,0.9673740686372484,8.0810583226912,7.211102550927978,2.0,1.235702260395516,1.0,3.5777087639996634,3.9583732274111685,-28.541835982308218,17.65685424949238,0.8571428571428571,0.5876490206469982,0.041308170497196345,0.12431036975224961,0.1379584434990059,0.051441123395087524,0.019912443369485486,0.033033524829269204,0.003922582240257614,0.07097609789057029,0.019923630773920575,0.02093008007660925,0.009883603480626762,0.047544202740101946,0.03513591204830083,0.03425782113694173,0.04510365385661498,0.023210047211562827,0.004102624548952154,0.012516897112376158,0.00751317591754409,0.04789226697452211,0.0400911672031362,0.040637570288994916,0.056086431618067686,0.0399754826891461,0.015759958166238586,0.00597678932952418,0.00842906632794698,0.015341550960566082,0.005142698277475301,676.75,667.9583333333334,0,19
1,20,30-2A1f.jpg,30-2A1b.jpg,C:\Users\ASUS\Desktop\IABI\HW3\q2\images,C:\Users\ASUS\Desktop\IABI\HW3\q2\images,17,24,1282,676,1278,670,1280.0,672.7647058823529,0.7954243134428788,19,0.8367251346728568,4.652426491681278,1,0.7083333333333334,1.2571906378768396,6.4275203521003235,5.385164807134504,2.0,1.1663780661615406,1.0,3.0,3.519858558048157,-9.494927138316076,13.035533905932738,0.8947368421052632,0.6146673664238718,0.03646096171078931,0.17259132948847627,0.0928835766215625,0.0182109609726096,0.031732174793340034,0.012007261277177791,0.030623044402771107,0.06243959191735348,0.01937455838567235,0.04262944251953333,0.005768728361926257,0.029821932581368553,0.006450709303262332,0.02100978136743057,0.04840044274346692,0.015795576859098305,0.005433730685864331,0.005719836828654039,0.00877834299916071,0.023801355335072612,0.020146100010465923,0.03318942425491585,0.02293722639845946,0.04762466419610137,0.014773976004915557,0.025218544334299913,0.012315266169913767,0.026681359313829655,0.00408095528036272,1280.0,672.7647058823529,0,20
1,21,30-2A1f.jpg,30-2A1b.jpg,C:\Users\ASUS\Desktop\IABI\HW3\q2\images,C:\Users\ASUS\Desktop\IABI\HW3\q2\images,5569,7644,1363,718,1279,627,1321.517866762435,672.2106302747352,1.5886039119181778,5914,0.5649421387580975,84.20612225147362,1,0.72854526425955,0.6294835311040741,92.90970392922854,95.71833680126291,36.76955262170047,13.153787744034032,11.40175425099138,79.94117647058823,76.66263258753393,-27.60332639080313,333.4274528917194,0.9416638484950964,0.7739217446660249,0.07061576356272861,0.14822584499980773,0.051827915310504985,0.012669152427855828,0.020175601415041072,0.05563476564918911,0.006202589978587718,0.0071624958752773095,0.023341407405190133,0.010886787149459572,0.00236802022648008,0.005593292215132756,0.012668900517334623,0.0037006112183375775,0.004535684063671537,0.01780085544962958,0.0026022084208667143,0.00789541588988899,0.0008049214687737209,0.0005649492698449356,0.008012734259829539,0.0018924636172580316,0.0041581335908453506,0.004391161039309464,0.0018788661080870364,0.010263154438210924,0.0018415282853861863,0.0013601083732859686,0.0028606179483027885,1321.517866762435,672.2106302747352,0,21
1,22,30-2A1f.jpg,30-2A1b.jpg,C:\Users\ASUS\Desktop\IABI\HW3\q2\images,C:\Users\ASUS\Desktop\IABI\HW3\q2\images,39,48,1393,690,1385,684,1388.4102564102564,686.5384615384615,0.8562673729423743,40,0.6535107224473363,7.046725639945928,1,0.8125,1.1678595163140693,8.060932868178307,7.280109889280518,3.0,1.5815068379737567,1.4142135623730951,5.0,6.1014592045053195,-74.30580866415163,20.485281374238568,0.975,0.9224980852420801,0.01073073255206295,0.046449328619423795,0.11899684513817683,0.0127009765309816,0.01341155050470443,0.008218044838876932,0.09552633369742841,0.025536679030402964,0.022174547407673592,0.007774926354745567,0.023620452169911085,0.0696133452963853,0.0701910950221458,0.03816184716453487,0.0391864181803802,0.040964780009720585,0.01978337480534303,0.04084545047562997,0.040286903359880916,0.11054446760282197,0.05230515958329816,0.04315930010571519,0.00913795759215473,0.03331652475089291,0.06529099960996747,0.03084294010097724,0.05248906287409515,0.06873032916674911,0.042593388056214834,1388.4102564102564,686.5384615384615,0,22
1,23,30-2A1f.jpg,30-2A1b.jpg,C:\Users\ASUS\Desktop\IABI\HW3\q2\images,C:\Users\ASUS\Desktop\IABI\HW3\q2\images,25,30,317,711,311,706,313.4,708.16,0.8397758894342989,27,0.4936818415039939,5.641895835477563,1,0.8333333333333334,1.1907938922533645,6.077523233237187,5.656854249492381,2.23606797749979,1.3485910656847546,1.0,4.0,5.28527306290434,-69.57564263321086,16.242640687119284,0.9259259259259259,0.9402384330351972,0.04346253694192714,0.03375214887818657,0.07020552938072981,0.02999420038098249,0.05647577260800553,0.008679123997247944,0.06818237495829668,0.06132039694302065,0.017896954998232874,0.014696884741103705,0.0355290822489001,0.052833668041103836,0.07656458950880339,0.052775889622139874,0.05330133428464396,0.0291188354609818,0.030429057537467833,0.08253467833736487,0.09914329797800663,0.08499554400966414,0.09534029931057406,0.05450044876110612,0.06024328995542435,0.06091910588207536,0.008604165755902792,0.014074929661049502,0.07175598248352644,0.09069603817646928,0.05686495393857659,313.4,708.16,0,23
1,24,30-2A1f.jpg,30-2A1b.jpg,C:\Users\ASUS\Desktop\IABI\HW3\q2\images,C:\Users\ASUS\Desktop\IABI\HW3\q2\images,1994,2640,1038,760,983,712,1009.5070210631895,736.2362086258777,1.5195586619506318,2127,0.5080753333010681,50.38689960894512,1,0.7553030303030303,0.6580858146774781,54.504164839206744,56.04462507680822,22.80350850198276,7.879126310538988,7.0,47.0,46.94512585133035,-86.14680024199508,195.13098833543773,0.9374706158909262,0.8070737649223662,0.024618345147919076,0.14216040324451817,0.0485414706738358,0.010488373893488584,0.012640349797916119,0.07007199709719335,0.01655857604834139,0.007552408459778477,0.0031452654633227217,0.0008329332385214356,0.012144233876380698,0.013192543378600438,0.009366851902397987,0.0005091929437451645,0.005198536801700252,0.00608800415573112,0.003983437191701818,0.002865719645736824,0.005803133250547639,0.010010057889959519,0.01602241029282709,0.003037330606852812,0.005795030074546152,0.0035264478563748,0.0028148371961276013,0.0025211301651605726,0.005199278780665831,0.0020743042693810738,0.004535904901873705,1009.5070210631895,736.2362086258777,0,24
1,25,30-2A1f.jpg,30-2A1b.jpg,C:\Users\ASUS\Desktop\IABI\HW3\q2\images,C:\Users\ASUS\Desktop\IABI\HW3\q2\images,3886,6216,1151,787,1067,713,1104.480185280494,748.5944415851776,1.7927112384826385,4277,0.7250499546203563,70.34066299688142,1,0.6251608751608752,0.5578143197486763,85.47877528379085,87.84645695758026,27.586228448267445,10.171010232699645,8.94427190999916,61.09023835949764,58.86891438432952,-58.01560028840393,295.8772003600252,0.9085807809212064,0.6411570391137543,0.11879457674154975,0.14964018723588024,0.05845466545030158,0.029685619207333314,0.02586908678186277,0.016276371425692018,0.020260980657086355,0.00713814215360698,0.032863818516685836,0.005121077860523642,0.006640816251399497,0.013826370072869595,0.002421360874806274,0.007879215482216706,0.012223241099024403,0.005746269410054484,0.018855355730987976,0.0027854573831643257,0.004617619308302376,0.01053321517374643,0.004272970521494309,0.005480437728923756,0.00838193166454255,0.008571088060418378,0.004331138525459303,0.001422412305504601,0.002975580372442331,0.0036910889539946198,0.000385602804044385,1104.480185280494,748.5944415851776,0,25
1,26,30-2A1f.jpg,30-2A1b.jpg,C:\Users\ASUS\Desktop\IABI\HW3\q2\images,C:\Users\ASUS\Desktop\IABI\HW3\q2\images,13,16,880,783,876,779,877.6153846153846,780.3846153846154,0.6422005297067807,13,0.523556754446835,4.068428945128219,1,0.8125,1.5571460217520925,4.318667337728677,3.605551275463989,2.0,1.1725108220860991,1.0,2.8284271247461903,3.6794648440311994,45.0,10.242640687119284,1.0,1.2242687930145004,0.0796861344566054,0.24351636893361536,0.12092231592359656,0.1362680050766689,0.09005947740355214,0.26039860538898685,0.19056154130208125,0.012355027343444161,0.1899888236051415,0.147939981597021,0.1765099202139137,0.2431885888248764,0.2704368712177329,0.056282127416990506,0.05614360129966544,0.10601450137417276,0.08121950001042066,0.1825734319937344,0.10782972180175453,0.22815086127523487,0.29163690175399803,0.13457075778023572,0.009471260385701593,0.09997555463056873,0.12650338414847592,0.1519629336271506,0.05151627394077338,0.40808229365200893,0.3583432773648413,877.6153846153846,780.3846153846154,0,26
1,27,30-2A1f.jpg,30-2A1b.jpg,C:\Users\ASUS\Desktop\IABI\HW3\q2\images,C:\Users\ASUS\Desktop\IABI\HW3\q2\images,2042,2695,1268,811,1213,762,1239.6033300685601,786.7458374142997,1.2384441988140373,2117,0.5697753774361941,50.989755347022424,1,0.7576994434137291,0.8074647214284043,56.31890339970739,57.245087125446844,22.20360331117452,8.269783346217853,7.211102550927978,46.317466384806636,46.282901515920884,-71.90860871669128,178.2670273047588,0.9645725082664147,0.7933949192399152,0.007605165297190667,0.14997146075498144,0.06231384603185771,0.0037823648194093354,0.007419009622910702,0.07117502211226771,0.015057676055415994,0.010049843141416935,0.0051558669618410125,0.0029178830712095188,0.007464244837069436,0.011407251718960577,0.015297139861403177,0.00993991377849475,0.005042365408401497,0.0032201085601146168,0.0011158157934563282,0.0009683558275255199,0.002770502409417198,0.011008279930553791,0.01851491401642161,0.0037517164336107675,0.006691794330247002,0.0035904330207866993,0.0015114604424243474,0.0008249944112287174,0.001253707262191494,0.0035712658439824518,0.0014114754310940978,1239.6033300685601,786.7458374142997,0,27
1,28,30-2A1f.jpg,30-2A1b.jpg,C:\Users\ASUS\Desktop\IABI\HW3\q2\images,C:\Users\ASUS\Desktop\IABI\HW3\q2\images,1635,2703,891,830,840,777,864.6819571865443,802.8207951070336,2.2173952705809463,1920,0.20337703332321508,45.626161964841955,1,0.6048834628190899,0.4509795854926691,46.82680479607004,52.23983154643591,18.973665961010276,6.515002826453845,5.385164807134504,46.51021393199562,45.8481478270171,-84.77075843896259,213.44469683442247,0.8515625,0.7597433981702538,0.03892488282862176,0.16058158681218265,0.00837871436771246,0.013964033299029233,0.015625877410491106,0.059746195854150946,0.008174376186636792,0.020520147329732837,0.007891188854673393,0.003987642445465551,0.007864055970166133,0.0022952984265949784,0.009102643707553695,0.0017570313161001526,0.0144541364402083,0.014336007395178787,0.005423101178834211,0.0010720337431665327,0.007367445691523311,0.013270717250785819,0.0031087712256878948,0.007279863231064831,0.009560390007603772,0.012485761363665623,0.00690006542512859,0.0010554745133024759,0.004098159805695085,0.005055121897197618,0.001958238837820323,864.6819571865443,802.8207951070336,0,28
1,29,30-2A1f.jpg,30-2A1b.jpg,C:\Users\ASUS\Desktop\IABI\HW3\q2\images,C:\Users\ASUS\Desktop\IABI\HW3\q2\images,5334,9682,1177,837,1083,734,1135.0322459692538,795.1059242594675,2.368511548720794,6359,0.5695203080881228,82.41031326003656,1,0.5509192315637265,0.4222060899555624,94.81930689980621,105.30906893520614,33.1058907144937,11.154387388793085,9.433981132056603,81.02648538040687,77.93931423737533,-47.42252501234229,398.445742854949,0.8388111338260733,0.6042874640415485,0.13269363405780404,0.14101810764641137,0.03905130571107801,0.037361435122771444,0.019791847786813976,0.013777906190188966,0.032631726861575956,0.002546172255069513,0.021756218196096352,0.02342806805208413,0.005555762227367497,0.01520833087995018,0.013540293241101443,0.0030009209640131087,0.011802492353550036,0.014994474797495803,0.0017014211469632248,0.011767641222715177,0.002741514476647459,0.002240954336596993,0.008131309243418225,0.0018955888547645483,0.012056015321556516,0.003576852628253306,0.008812924306318748,0.00659567991363929,0.00813089048419188,0.0020136783871801864,0.007010223372230143,1135.0322459692538,795.1059242594675,0,29
1,30,30-2A1f.jpg,30-2A1b.jpg,C:\Users\ASUS\Desktop\IABI\HW3\q2\images,C:\Users\ASUS\Desktop\IABI\HW3\q2\images,13226,20838,607,882,469,731,536.9628761530319,800.2296234689248,2.140107162890688,14403,0.41990139622659833,129.76851011962518,1,0.6347058258949995,0.4672663207431533,137.93274970893816,150.05332385522155,57.271284253105414,19.25371499741166,16.64331697709324,127.90031705669399,125.18358861170837,-5.354322435045103,596.3990616607231,0.918280913698535,0.7286522895083463,0.06712930697269516,0.1693621121885139,0.02646046968327551,0.009332400272995945,0.036233204653704755,0.05415645887367045,0.013586909270117638,0.003624494021719494,0.023849805465403644,0.008569759579849259,0.00791678787418841,0.0015000076178853894,0.013417549638652724,0.004907833896162184,0.012214996737973915,0.014031595098418016,0.01096958582606219,0.00591007462245555,0.0033957209708819964,0.004645377812045515,0.008756687198210742,0.0074750536562002475,0.004033846213323062,0.006064018905455406,0.005742355300944828,0.0022409069712449776,0.004752217935947715,0.00278923166512234,0.006409244948957809,536.9628761530319,800.2296234689248,0,30
1,31,30-2A1f.jpg,30-2A1b.jpg,C:\Users\ASUS\Desktop\IABI\HW3\q2\images,C:\Users\ASUS\Desktop\IABI\HW3\q2\images,15,20,880,834,875,830,876.9333333333333,831.2666666666667,0.7208777308044718,15,0.7343887778710586,4.370193722368317,1,0.75,1.3871977968913514,5.258554520990449,4.47213595499958,2.0,1.1771236166328256,1.0,2.8284271247461903,3.5691337129452037,-62.45124780796235,11.65685424949238,1.0,0.9549296585513718,0.11738688587469186,0.03819718634205477,0.17688409060385815,0.08464888721764816,0.08464888721764818,0.16042818263663033,0.16026641987037446,0.07207030704971917,0.05371803524081801,0.06366197723675805,0.04718894410365464,0.2215436807839178,0.15382504328976132,0.06204427191349724,0.07244363783043113,0.04107653109695492,0.06420723704654276,0.07434358369043292,0.03479724309003016,0.1319076168345634,0.15320650981433206,0.17797337801866436,0.10384285702020066,0.08324586200572594,0.04667704367515045,0.06376203024581757,0.08495309497213503,0.08689283996349788,0.05541806909134265,876.9333333333333,831.2666666666667,0,31
1,32,30-2A1f.jpg,30-2A1b.jpg,C:\Users\ASUS\Desktop\IABI\HW3\q2\images,C:\Users\ASUS\Desktop\IABI\HW3\q2\images,16,28,751,870,747,863,748.8125,866.5,1.0384621398720901,20,0.8363136571890749,4.51351666838205,1,0.5714285714285714,0.9629624052766839,6.928740660259744,6.082762530298219,1.4142135623730951,1.0776650429449552,1.0,3.0,3.7986909406877736,0.8533159587997046,14.449747468305834,0.8,0.5505900733989894,0.15389460398209237,0.0,0.1176431546635198,0.041831892515118055,0.006304204159030725,0.05711014640077174,0.04801428366584545,0.10652414399337053,0.03775599404321548,0.05526064410545891,0.041264635746512776,0.09407847679837815,0.12662285711948065,0.04753030752538855,0.056102822546717064,0.03597498564411716,0.04045149255080149,0.034046203694973944,0.028155488963980485,0.10761466084122821,0.13763865534243874,0.10640569135293658,0.0759555110786182,0.045482281217119495,0.03341321190306403,0.04379258356674028,0.027726052469987612,0.055234436154315454,0.02698735472180624,748.8125,866.5,0,32
1,33,30-2A1f.jpg,30-2A1b.jpg,C:\Users\ASUS\Desktop\IABI\HW3\q2\images,C:\Users\ASUS\Desktop\IABI\HW3\q2\images,24966,43618,773,957,547,764,657.0412961627814,870.1887366818873,2.719531545602832,27915,0.6017823328262124,178.29104989835602,1,0.5723783758998578,0.36771038806918205,203.10346813835628,225.97787502319778,74.73285756613352,25.067059031205762,21.840329667841555,158.25303458551332,162.21064489210306,57.45721843325673,923.6904755831213,0.8943578721117679,0.5931042553785779,0.028469555291712433,0.21658502394228824,0.04038093995121331,0.013034222168509014,0.019405790146788657,0.02657521965435384,0.01986824105313849,0.01170826420214203,0.01258182021351553,0.012868532291501544,0.02026754046051568,0.03189605933264677,0.01505526229259789,0.010360282711290584,0.008602708453816386,0.007878286496569754,0.007765304464715753,0.01489880038084851,0.00715579107643731,0.0070364832244587784,0.009078660792422503,0.0014219754336645843,0.005994262938196259,0.004275840837912128,0.007042008607986376,0.0051063055085767755,0.00535813212517605,0.0059068491337374955,0.0027143896310394444,657.0412961627814,870.1887366818873,0,33
1,34,30-2A1f.jpg,30-2A1b.jpg,C:\Users\ASUS\Desktop\IABI\HW3\q2\images,C:\Users\ASUS\Desktop\IABI\HW3\q2\images,15,28,768,891,761,887,763.8666666666667,888.6666666666666,0.9894645198445217,18,0.9261060429549482,4.370193722368317,1,0.5357142857142857,1.0106476583487134,7.426603856132336,6.324555320336759,2.0,1.121895141649746,1.0,2.3533936216582085,2.8017850753626274,-72.58160714610221,13.65685424949238,0.8333333333333334,0.4774648292756859,0.10265185384981182,0.057295779513082325,0.13062345626023558,0.07402330451538637,0.05608038463008402,0.08403380995252067,0.04564168638083458,0.06920440526733843,0.03246136642041294,0.0060395054525384404,0.03838558558886828,0.06493521678149314,0.07664925853197106,0.06150102865181441,0.04618021574387964,0.005568148901974149,0.008485642475468057,0.004016863932556707,0.016963689215341207,0.0728929639360877,0.05838031019495134,0.08289014743755962,0.06616106628509266,0.03992363194154184,0.015029027484546731,0.015001818165169248,0.023510586604990225,0.006434465665586654,0.015141879970199433,763.8666666666667,888.6666666666666,0,34
1,35,30-2A1f.jpg,30-2A1b.jpg,C:\Users\ASUS\Desktop\IABI\HW3\q2\images,C:\Users\ASUS\Desktop\IABI\HW3\q2\images,19,30,753,923,748,917,749.6842105263158,919.1052631578947,0.9513155219899525,21,0.7894861519264011,4.918490759365935,1,0.6333333333333333,1.051175952546438,6.444359463029856,5.830951894845301,2.0,1.1924660131311782,1.0,3.328201177351375,3.9553440238131765,-45.294317279270786,15.071067811865476,0.9047619047619048,0.7115162161755321,0.10630826357023213,0.08150495355571123,0.14785284234051693,0.05856738724507832,0.04242290114425466,0.08642894121090491,0.07847898008562704,0.06682350843137236,0.027998173553084888,0.04443826688902499,0.03718619623696177,0.12795507858783503,0.08950433278601434,0.041696216392048166,0.03986751704791002,0.016024938116276265,0.032833380970972714,0.057668838627358755,0.046059913819464775,0.10880075764175164,0.10287416449384024,0.09200261108963566,0.04755530550625176,0.04961184027037663,0.02125093550832378,0.05505423036934032,0.06134977328431806,0.02960383600461379,0.029849696273477763,749.6842105263158,919.1052631578947,0,35
1,36,30-2A1f.jpg,30-2A1b.jpg,C:\Users\ASUS\Desktop\IABI\HW3\q2\images,C:\Users\ASUS\Desktop\IABI\HW3\q2\images,6242,11305,865,964,770,845,820.5422941364947,902.7135533482858,3.8012891586717155,7331,0.7233902719382039,89.14909555478891,1,0.5521450685537372,0.26306864809764435,111.89941078502811,124.06449935416659,34.66987164671943,10.981902767387796,9.055385138137417,87.82117826123684,77.25975794181848,-22.43368960059291,546.0498192558056,0.851452734961124,0.5133289244840429,0.08604303356105185,0.17800795147143747,0.045997016506051584,0.04874834755536559,0.012718422943215719,0.0002533340061552189,0.02747180183813855,0.030845370921050694,0.013463439987230017,0.011112288713413783,0.007171548607996954,0.0006143113670908489,0.014751414186375615,0.02029056231544755,0.01180988365837561,0.017720661639145166,0.00027330423496163374,0.003218995914966151,0.007750400899803221,0.004861175078062346,0.005001005247749907,0.0030806675991136463,0.007305900263536914,0.007484430428868417,0.004719587301023738,0.004521767458340481,0.006035047947765259,0.008016507025587066,0.005743944174833232,820.5422941364947,902.7135533482858,0,36
1,37,30-2A1f.jpg,30-2A1b.jpg,C:\Users\ASUS\Desktop\IABI\HW3\q2\images,C:\Users\ASUS\Desktop\IABI\HW3\q2\images,41,64,699,962,691,954,695.0975609756098,957.5853658536586,1.1868108982756547,47,0.4769119105615444,7.225151993843567,1,0.640625,0.8425942173710431,8.201950492389576,7.615773105863909,2.23606797749979,1.382248633447732,1.0,6.708203932499369,7.209113376512893,-61.76595076233701,24.72792206135785,0.8723404255319149,0.7247671254646313,0.04243165813309595,0.1431452742601661,0.039422710475415776,0.024442525847911217,0.07037489438693693,0.0505679516228545,0.026023350804245678,0.011133595086782862,0.00844095692679957,0.022912669185777397,0.014810866368870948,0.012290789378581267,0.012196775549409565,0.023071694285932007,0.023104112386766948,0.004314792813247851,0.012789383062726227,0.025680740820975365,0.010232133538192672,0.008688347185079479,0.01655223627241779,0.01700508448267597,0.01588885626066724,0.012570731274676379,0.006021753517792176,0.007259250088451017,0.016724205341581082,0.016694922801575984,0.026221870040022896,695.0975609756098,957.5853658536586,0,37
1,38,30-2A1f.jpg,30-2A1b.jpg,C:\Users\ASUS\Desktop\IABI\HW3\q2\images,C:\Users\ASUS\Desktop\IABI\HW3\q2\images,3477,5796,1061,977,977,908,1012.9557089444924,941.936439459304,1.9853564810809698,4020,0.7750318304899069,66.5361097227976,1,0.599896480331263,0.503687881511097,87.28102708233294,86.02325267042627,23.345235059857504,8.933859564371348,8.0,65.8744861332723,55.15481829816923,-79.95501519614696,294.5279579551077,0.8649253731343284,0.5222091535731508,0.015148613950721746,0.19322644702943778,0.070606138673908,0.013937946435387595,0.03054363002951539,0.005036489007368275,0.05043517439576688,0.0027929216075404718,0.010562440499081295,0.014452439943084892,0.02331784412877758,0.009778847541548053,0.006823144508235257,0.006129828293012249,0.003428814165294532,0.006264229286861086,0.008607353551763107,0.016380895779214647,0.0031575181127438618,0.0053953483601015375,0.018330582677312465,0.00788942065008674,0.005317065853375829,0.01011914894505292,0.009988289038929671,0.001065523298068606,0.00524311774580817,0.002752158825809962,0.0009130075977506556,1012.9557089444924,941.936439459304,0,38
1,39,30-2A1f.jpg,30-2A1b.jpg,C:\Users\ASUS\Desktop\IABI\HW3\q2\images,C:\Users\ASUS\Desktop\IABI\HW3\q2\images,18013,28836,984,1018,822,840,905.2951201909732,938.5667573419197,2.4409916098437248,20886,0.4042629179481042,151.44260932549494,1,0.6246705507005132,0.40966957689134426,163.28812490948565,183.17477992343814,63.06346010171025,21.065313730645023,18.24828759089466,150.94697575871905,149.35031148555274,13.50532401678637,743.3290398693841,0.8624437422196687,0.6469730851042859,0.09322167323049077,0.17329964908102044,0.033022371129046005,0.008777418884218366,0.03190073032243564,0.022358918306299012,0.008849880807163226,0.0181542615147076,0.031760769266784665,0.02928699998630895,0.006569893283919893,0.002336732233115624,0.010464114875358876,0.017286780060588886,0.008005909276896981,0.0096418772126614,0.0026552893695946968,0.0020992963538415434,0.016137632425930453,0.01086977748474906,0.0065068776941576345,0.006850134926861962,0.0007442498239341617,0.0024846126099220016,0.005589712177128184,0.011313367579739777,0.003215229293035382,0.010414307545177,0.003133499708636725,905.2951201909732,938.5667573419197,0,39
